Pron,Prefx,Anqing,Chuzhou,Fuyang,Hefei,Huaibei,Huainan,Wuhu,Lanzhou,Linxia,Pingliang,Qinzhou,Bijie,Guiyang,Liupanshui,Qiannan,Zunyi,Dongfang,Baoding,Cangzhou,Handan,Hengshui,Shijiazhuang,Tangshan,Anyang,Hebi,Pingdingshan,Puyang,Sanmenxia,Xinxiang,Zhumadian,Daqing,Harbin,Qitaihe,Qiqihar,Shuangyashan,Jingmen,Yichang,Tonghua,Lianyungang,Nanjing,Suzhou,Xuzhou,Jiujiang,Dalian,Chifeng,Alxa,Bayannur,Batou,Ordos,Hohhot,Wuhai,Ulanqab,XilinGol ,Wuzhong,Yinchuan,Haixi,Xining,Dezhou,Heze,Jinan,Jining,Liaocheng,Linyi,Taian,Weifang,Yantai,Zhaozhuang,Zibo,Datong,Jincheng,Jinzhong,Linfen,Lvliang,Shuozhou,Taiyuan,Yuncheng,Changzhi,Baoji,Weinan,Xianyang,Yanyan,Yulinx,Shanghai,Dazhou,Luzhou,Mianyang,Tianjin,Aksu,Bayingolin,Changji,Hami,Shihezi,Urumqi,Wujiaqu,Honghe,Kunming,Qujing,Zhaotong,Ningbo,Zhoushan,Chongqing
Anhui,Anqing,,276.44,315.62,193.86,398.98,280.63,229.82,,,,,,,,,,,,,,,,,,,,,,,,,,,,,,,,,,,,,,,,,,,,,,,,,,,,,,,,,,,,,,,,,,,,,,,,,,,,,,,,,,,,,,,,,,,,,,
Anhui,Bengbu,338.76,70.36,164.41,177.04,105.76,73.97,254.94,,,,,,,,,,,,,,,,,,,,,,,,,,,,,,,,,,,,,,,,,,,,,,,,,,,,,,,,,,,,,,,,,,,,,,,,,,,,,,,,,,,,,,,,,,,,,,
Anhui,Bozhou,390.86,166.77,76.29,264.68,50.8,125.34,362.54,,,,,,,,,,,,,,,,,,,,,,,,,,,,,,,,,,,,,,,,,,,,,,,,,,,,,,,,,,,,,,,,,,,,,,,,,,,,,,,,,,,,,,,,,,,,,,
Anhui,Chizhou,52.3,299.76,383.71,194.77,444.91,319.36,177.34,,,,,,,,,,,,,,,,,,,,,,,,,,,,,,,,,,,,,,,,,,,,,,,,,,,,,,,,,,,,,,,,,,,,,,,,,,,,,,,,,,,,,,,,,,,,,,
Anhui,Chuzhou,289.38,,254.29,120.23,220.19,137.53,156.24,,,,,,,,,,,,,,,,,,,,,,,,,,,,,,,,,,,,,,,,,,,,,,,,,,,,,,,,,,,,,,,,,,,,,,,,,,,,,,,,,,,,,,,,,,,,,,
Anhui,Fuyang,342.88,180.78,,251.32,134.72,134.04,356.14,,,,,,,,,,,,,,,,,,,,,,,,,,,,,,,,,,,,,,,,,,,,,,,,,,,,,,,,,,,,,,,,,,,,,,,,,,,,,,,,,,,,,,,,,,,,,,
Anhui,Hefei,163.95,107.92,226.14,,258.96,133.71,120.1,,,,,,,,,,,,,,,,,,,,,,,,,,,,,,,,,,,,,,,,,,,,,,,,,,,,,,,,,,,,,,,,,,,,,,,,,,,,,,,,,,,,,,,,,,,,,,
Anhui,Huaibei,423.19,168.03,143.75,276.13,,141.47,362.69,,,,,,,,,,,,,,,,,,,,,,,,,,,,,,,,,,,,,,,,,,,,,,,,,,,,,,,,,,,,,,,,,,,,,,,,,,,,,,,,,,,,,,,,,,,,,,
Anhui,Huainan,253.67,58.6,117.31,123.52,152.44,,226.2,,,,,,,,,,,,,,,,,,,,,,,,,,,,,,,,,,,,,,,,,,,,,,,,,,,,,,,,,,,,,,,,,,,,,,,,,,,,,,,,,,,,,,,,,,,,,,
Anhui,Huangshan,144.64,359.1,464.39,250.29,512.32,386.76,191.47,,,,,,,,,,,,,,,,,,,,,,,,,,,,,,,,,,,,,,,,,,,,,,,,,,,,,,,,,,,,,,,,,,,,,,,,,,,,,,,,,,,,,,,,,,,,,,
Anhui,Luan,168.77,168.33,171.97,144.02,261.06,154.4,237,,,,,,,,,,,,,,,,,,,,,,,,,,,,,,,,,,,,,,,,,,,,,,,,,,,,,,,,,,,,,,,,,,,,,,,,,,,,,,,,,,,,,,,,,,,,,,
Anhui,Maanshan,208.88,173.06,326.15,96.43,327.27,216.02,35.34,,,,,,,,,,,,,,,,,,,,,,,,,,,,,,,,,,,,,,,,,,,,,,,,,,,,,,,,,,,,,,,,,,,,,,,,,,,,,,,,,,,,,,,,,,,,,,
Anhui,Suzhoux,437.53,170.4,194.98,277.88,77.29,159.41,351.82,,,,,,,,,,,,,,,,,,,,,,,,,,,,,,,,,,,,,,,,,,,,,,,,,,,,,,,,,,,,,,,,,,,,,,,,,,,,,,,,,,,,,,,,,,,,,,
Anhui,Tongling,53.07,228.45,319.12,124.55,374.44,248.65,131.53,,,,,,,,,,,,,,,,,,,,,,,,,,,,,,,,,,,,,,,,,,,,,,,,,,,,,,,,,,,,,,,,,,,,,,,,,,,,,,,,,,,,,,,,,,,,,,
Anhui,Wuhu,150.22,208.83,342.99,105.81,365.79,244.81,,,,,,,,,,,,,,,,,,,,,,,,,,,,,,,,,,,,,,,,,,,,,,,,,,,,,,,,,,,,,,,,,,,,,,,,,,,,,,,,,,,,,,,,,,,,,,,
Anhui,Xuancheng,207.16,303.28,443.62,205.67,459.77,342.43,106.05,,,,,,,,,,,,,,,,,,,,,,,,,,,,,,,,,,,,,,,,,,,,,,,,,,,,,,,,,,,,,,,,,,,,,,,,,,,,,,,,,,,,,,,,,,,,,,
Gansu,Baiyin,,,,,,,,174.53,196.07,239.05,,,,,,,,,,,,,,,,,,,,,,,,,,,,,,,,,,,,,,,,,,,,,,,,,,,,,,,,,,,,,,,,,,,,,,,,,,,,,,,,,,,,,,,,,,,
Gansu,Dingxi,,,,,,,,181,175.55,263.18,,,,,,,,,,,,,,,,,,,,,,,,,,,,,,,,,,,,,,,,,,,,,,,,,,,,,,,,,,,,,,,,,,,,,,,,,,,,,,,,,,,,,,,,,,,
Gansu,Gannan,,,,,,,,194.42,164.35,456.18,,,,,,,,,,,,,,,,,,,,,,,,,,,,,,,,,,,,,,,,,,,,,,,,,,,,,,,,,,,,,,,,,,,,,,,,,,,,,,,,,,,,,,,,,,,
Gansu,Jiayuguan,,,,,,,,780.84,783.58,1152.95,,,,,,,,,,,,,,,,,,,,,,,,,,,,,,,,,,,,,,,,,,,,,,,,,,,,,,,,,,,,,,,,,,,,,,,,,,,,,,,,,,,,,,,,,,,
Gansu,Jinchang,,,,,,,,354.25,368.85,690.7,,,,,,,,,,,,,,,,,,,,,,,,,,,,,,,,,,,,,,,,,,,,,,,,,,,,,,,,,,,,,,,,,,,,,,,,,,,,,,,,,,,,,,,,,,,
Gansu,Jiuquan,,,,,,,,1009.06,1008.17,1390.32,,,,,,,,,,,,,,,,,,,,,,,,,,,,,,,,,,,,,,,,,,,,,,,,,,,,,,,,,,,,,,,,,,,,,,,,,,,,,,,,,,,,,,,,,,,
Gansu,Lanzhou,,,,,,,,,63.48,383.86,,,,,,,,,,,,,,,,,,,,,,,,,,,,,,,,,,,,,,,,,,,,,,,,,,,,,,,,,,,,,,,,,,,,,,,,,,,,,,,,,,,,,,,,,,,
Gansu,Linxia,,,,,,,,77.27,,395.37,,,,,,,,,,,,,,,,,,,,,,,,,,,,,,,,,,,,,,,,,,,,,,,,,,,,,,,,,,,,,,,,,,,,,,,,,,,,,,,,,,,,,,,,,,,
Gansu,Longnan,,,,,,,,400.08,388.92,285.4,,,,,,,,,,,,,,,,,,,,,,,,,,,,,,,,,,,,,,,,,,,,,,,,,,,,,,,,,,,,,,,,,,,,,,,,,,,,,,,,,,,,,,,,,,,
Gansu,Pingliang,,,,,,,,440.25,451.81,,,,,,,,,,,,,,,,,,,,,,,,,,,,,,,,,,,,,,,,,,,,,,,,,,,,,,,,,,,,,,,,,,,,,,,,,,,,,,,,,,,,,,,,,,,,
Gansu,Qingyang,,,,,,,,459.66,479.16,151.74,,,,,,,,,,,,,,,,,,,,,,,,,,,,,,,,,,,,,,,,,,,,,,,,,,,,,,,,,,,,,,,,,,,,,,,,,,,,,,,,,,,,,,,,,,,
Gansu,Tianshui,,,,,,,,327.36,327.87,145.11,,,,,,,,,,,,,,,,,,,,,,,,,,,,,,,,,,,,,,,,,,,,,,,,,,,,,,,,,,,,,,,,,,,,,,,,,,,,,,,,,,,,,,,,,,,
Gansu,Wuwei,,,,,,,,283.38,305.45,581.92,,,,,,,,,,,,,,,,,,,,,,,,,,,,,,,,,,,,,,,,,,,,,,,,,,,,,,,,,,,,,,,,,,,,,,,,,,,,,,,,,,,,,,,,,,,
Gansu,Zhangye,,,,,,,,562.99,567.36,933.03,,,,,,,,,,,,,,,,,,,,,,,,,,,,,,,,,,,,,,,,,,,,,,,,,,,,,,,,,,,,,,,,,,,,,,,,,,,,,,,,,,,,,,,,,,,
Guangxi,Baise,,,,,,,,,,,294.37,,,,,,,,,,,,,,,,,,,,,,,,,,,,,,,,,,,,,,,,,,,,,,,,,,,,,,,,,,,,,,,,,,,,,,,,,,,,,,,,,,,,,,,,,,
Guangxi,Beihai,,,,,,,,,,,81.05,,,,,,,,,,,,,,,,,,,,,,,,,,,,,,,,,,,,,,,,,,,,,,,,,,,,,,,,,,,,,,,,,,,,,,,,,,,,,,,,,,,,,,,,,,
Guangxi,Chongzuo,,,,,,,,,,,176.41,,,,,,,,,,,,,,,,,,,,,,,,,,,,,,,,,,,,,,,,,,,,,,,,,,,,,,,,,,,,,,,,,,,,,,,,,,,,,,,,,,,,,,,,,,
Guangxi,Fangchenggang,,,,,,,,,,,69.34,,,,,,,,,,,,,,,,,,,,,,,,,,,,,,,,,,,,,,,,,,,,,,,,,,,,,,,,,,,,,,,,,,,,,,,,,,,,,,,,,,,,,,,,,,
Guangxi,Guigang,,,,,,,,,,,245.96,,,,,,,,,,,,,,,,,,,,,,,,,,,,,,,,,,,,,,,,,,,,,,,,,,,,,,,,,,,,,,,,,,,,,,,,,,,,,,,,,,,,,,,,,,
Guangxi,Guilin,,,,,,,,,,,489.59,,,,,,,,,,,,,,,,,,,,,,,,,,,,,,,,,,,,,,,,,,,,,,,,,,,,,,,,,,,,,,,,,,,,,,,,,,,,,,,,,,,,,,,,,,
Guangxi,Hechi,,,,,,,,,,,364.54,,,,,,,,,,,,,,,,,,,,,,,,,,,,,,,,,,,,,,,,,,,,,,,,,,,,,,,,,,,,,,,,,,,,,,,,,,,,,,,,,,,,,,,,,,
Guangxi,Hezhou,,,,,,,,,,,442.3,,,,,,,,,,,,,,,,,,,,,,,,,,,,,,,,,,,,,,,,,,,,,,,,,,,,,,,,,,,,,,,,,,,,,,,,,,,,,,,,,,,,,,,,,,
Guangxi,Laibin,,,,,,,,,,,249,,,,,,,,,,,,,,,,,,,,,,,,,,,,,,,,,,,,,,,,,,,,,,,,,,,,,,,,,,,,,,,,,,,,,,,,,,,,,,,,,,,,,,,,,,
Guangxi,Liuzhou,,,,,,,,,,,400.37,,,,,,,,,,,,,,,,,,,,,,,,,,,,,,,,,,,,,,,,,,,,,,,,,,,,,,,,,,,,,,,,,,,,,,,,,,,,,,,,,,,,,,,,,,
Guangxi,Nanning,,,,,,,,,,,162.08,,,,,,,,,,,,,,,,,,,,,,,,,,,,,,,,,,,,,,,,,,,,,,,,,,,,,,,,,,,,,,,,,,,,,,,,,,,,,,,,,,,,,,,,,,
Guangxi,Qinzhou,,,,,,,,,,,,,,,,,,,,,,,,,,,,,,,,,,,,,,,,,,,,,,,,,,,,,,,,,,,,,,,,,,,,,,,,,,,,,,,,,,,,,,,,,,,,,,,,,,,,,
Guangxi,Wuzhou,,,,,,,,,,,312.19,,,,,,,,,,,,,,,,,,,,,,,,,,,,,,,,,,,,,,,,,,,,,,,,,,,,,,,,,,,,,,,,,,,,,,,,,,,,,,,,,,,,,,,,,,
Guangxi,Yulin,,,,,,,,,,,195,,,,,,,,,,,,,,,,,,,,,,,,,,,,,,,,,,,,,,,,,,,,,,,,,,,,,,,,,,,,,,,,,,,,,,,,,,,,,,,,,,,,,,,,,,
Guizhou,Anshun,,,,,,,,,,,,180.46,178.94,122.34,192.9,279.56,,,,,,,,,,,,,,,,,,,,,,,,,,,,,,,,,,,,,,,,,,,,,,,,,,,,,,,,,,,,,,,,,,,,,,,,,,,,,,,,,,,,,
Guizhou,Bijie,,,,,,,,,,,,,191.42,67.93,263.45,217.62,,,,,,,,,,,,,,,,,,,,,,,,,,,,,,,,,,,,,,,,,,,,,,,,,,,,,,,,,,,,,,,,,,,,,,,,,,,,,,,,,,,,,
Guizhou,Guiyang,,,,,,,,,,,,164.89,,189.32,94.99,158.87,,,,,,,,,,,,,,,,,,,,,,,,,,,,,,,,,,,,,,,,,,,,,,,,,,,,,,,,,,,,,,,,,,,,,,,,,,,,,,,,,,,,,
Guizhou,Liupanshui,,,,,,,,,,,,198.51,298.55,,333.74,366.73,,,,,,,,,,,,,,,,,,,,,,,,,,,,,,,,,,,,,,,,,,,,,,,,,,,,,,,,,,,,,,,,,,,,,,,,,,,,,,,,,,,,,
Guizhou,Qiandongnan,,,,,,,,,,,,373.68,197.56,391.8,115.78,282.13,,,,,,,,,,,,,,,,,,,,,,,,,,,,,,,,,,,,,,,,,,,,,,,,,,,,,,,,,,,,,,,,,,,,,,,,,,,,,,,,,,,,,
Guizhou,Qiannan,,,,,,,,,,,,269.63,144.15,254.98,,267.04,,,,,,,,,,,,,,,,,,,,,,,,,,,,,,,,,,,,,,,,,,,,,,,,,,,,,,,,,,,,,,,,,,,,,,,,,,,,,,,,,,,,,
Guizhou,Qianxinan,,,,,,,,,,,,257.37,283.48,165.43,285.53,382.96,,,,,,,,,,,,,,,,,,,,,,,,,,,,,,,,,,,,,,,,,,,,,,,,,,,,,,,,,,,,,,,,,,,,,,,,,,,,,,,,,,,,,
Guizhou,Zunyi,,,,,,,,,,,,221.48,131.09,305.38,198.43,,,,,,,,,,,,,,,,,,,,,,,,,,,,,,,,,,,,,,,,,,,,,,,,,,,,,,,,,,,,,,,,,,,,,,,,,,,,,,,,,,,,,,
Hainan,Baisha,,,,,,,,,,,,,,,,,78.45,,,,,,,,,,,,,,,,,,,,,,,,,,,,,,,,,,,,,,,,,,,,,,,,,,,,,,,,,,,,,,,,,,,,,,,,,,,,,,,,,,,,
Hainan,Baoting,,,,,,,,,,,,,,,,,124.98,,,,,,,,,,,,,,,,,,,,,,,,,,,,,,,,,,,,,,,,,,,,,,,,,,,,,,,,,,,,,,,,,,,,,,,,,,,,,,,,,,,,
Hainan,Changjiang,,,,,,,,,,,,,,,,,45.16,,,,,,,,,,,,,,,,,,,,,,,,,,,,,,,,,,,,,,,,,,,,,,,,,,,,,,,,,,,,,,,,,,,,,,,,,,,,,,,,,,,,
Hainan,Chengmai,,,,,,,,,,,,,,,,,164.85,,,,,,,,,,,,,,,,,,,,,,,,,,,,,,,,,,,,,,,,,,,,,,,,,,,,,,,,,,,,,,,,,,,,,,,,,,,,,,,,,,,,
Hainan,Danzhou,,,,,,,,,,,,,,,,,99.92,,,,,,,,,,,,,,,,,,,,,,,,,,,,,,,,,,,,,,,,,,,,,,,,,,,,,,,,,,,,,,,,,,,,,,,,,,,,,,,,,,,,
Hainan,Dingan,,,,,,,,,,,,,,,,,189.89,,,,,,,,,,,,,,,,,,,,,,,,,,,,,,,,,,,,,,,,,,,,,,,,,,,,,,,,,,,,,,,,,,,,,,,,,,,,,,,,,,,,
Hainan,Dongfang,,,,,,,,,,,,,,,,,,,,,,,,,,,,,,,,,,,,,,,,,,,,,,,,,,,,,,,,,,,,,,,,,,,,,,,,,,,,,,,,,,,,,,,,,,,,,,,,,,,,,
Hainan,Haikou,,,,,,,,,,,,,,,,,216.1,,,,,,,,,,,,,,,,,,,,,,,,,,,,,,,,,,,,,,,,,,,,,,,,,,,,,,,,,,,,,,,,,,,,,,,,,,,,,,,,,,,,
Hainan,Ledong,,,,,,,,,,,,,,,,,66.94,,,,,,,,,,,,,,,,,,,,,,,,,,,,,,,,,,,,,,,,,,,,,,,,,,,,,,,,,,,,,,,,,,,,,,,,,,,,,,,,,,,,
Hainan,Lingao,,,,,,,,,,,,,,,,,145.25,,,,,,,,,,,,,,,,,,,,,,,,,,,,,,,,,,,,,,,,,,,,,,,,,,,,,,,,,,,,,,,,,,,,,,,,,,,,,,,,,,,,
Hainan,Lingshui,,,,,,,,,,,,,,,,,157.18,,,,,,,,,,,,,,,,,,,,,,,,,,,,,,,,,,,,,,,,,,,,,,,,,,,,,,,,,,,,,,,,,,,,,,,,,,,,,,,,,,,,
Hainan,Qionghai,,,,,,,,,,,,,,,,,196.73,,,,,,,,,,,,,,,,,,,,,,,,,,,,,,,,,,,,,,,,,,,,,,,,,,,,,,,,,,,,,,,,,,,,,,,,,,,,,,,,,,,,
Hainan,Qiongzhong,,,,,,,,,,,,,,,,,133.24,,,,,,,,,,,,,,,,,,,,,,,,,,,,,,,,,,,,,,,,,,,,,,,,,,,,,,,,,,,,,,,,,,,,,,,,,,,,,,,,,,,,
Hainan,Sanya,,,,,,,,,,,,,,,,,120.36,,,,,,,,,,,,,,,,,,,,,,,,,,,,,,,,,,,,,,,,,,,,,,,,,,,,,,,,,,,,,,,,,,,,,,,,,,,,,,,,,,,,
Hainan,Tunchang,,,,,,,,,,,,,,,,,158.33,,,,,,,,,,,,,,,,,,,,,,,,,,,,,,,,,,,,,,,,,,,,,,,,,,,,,,,,,,,,,,,,,,,,,,,,,,,,,,,,,,,,
Hainan,Wanning,,,,,,,,,,,,,,,,,187.83,,,,,,,,,,,,,,,,,,,,,,,,,,,,,,,,,,,,,,,,,,,,,,,,,,,,,,,,,,,,,,,,,,,,,,,,,,,,,,,,,,,,
Hainan,Wenchang,,,,,,,,,,,,,,,,,249.46,,,,,,,,,,,,,,,,,,,,,,,,,,,,,,,,,,,,,,,,,,,,,,,,,,,,,,,,,,,,,,,,,,,,,,,,,,,,,,,,,,,,
Hebei,Baoding,,,,,,,,,,,,,,,,,,,310.79,367.67,187.35,174.94,432.96,,,,,,,,,,,,,,,,,,,,,,,,,,,,,,,,,,,,,,,,,,,,,,,,,,,,,,,,,,,,,,,,,,,,,,,,,,,,,,
Hebei,Cangzhou,,,,,,,,,,,,,,,,,,206.3,,381.66,124.53,266.17,290.61,,,,,,,,,,,,,,,,,,,,,,,,,,,,,,,,,,,,,,,,,,,,,,,,,,,,,,,,,,,,,,,,,,,,,,,,,,,,,,
Hebei,Chengde,,,,,,,,,,,,,,,,,,497.27,442.54,786.41,546.78,603.27,347.16,,,,,,,,,,,,,,,,,,,,,,,,,,,,,,,,,,,,,,,,,,,,,,,,,,,,,,,,,,,,,,,,,,,,,,,,,,,,,,
Hebei,Handan,,,,,,,,,,,,,,,,,,285.52,437.72,,224.94,195.1,630.18,,,,,,,,,,,,,,,,,,,,,,,,,,,,,,,,,,,,,,,,,,,,,,,,,,,,,,,,,,,,,,,,,,,,,,,,,,,,,,
Hebei,Hengshui,,,,,,,,,,,,,,,,,,162.52,236.92,246.66,,164.51,423.88,,,,,,,,,,,,,,,,,,,,,,,,,,,,,,,,,,,,,,,,,,,,,,,,,,,,,,,,,,,,,,,,,,,,,,,,,,,,,,
Hebei,Langfang,,,,,,,,,,,,,,,,,,192.85,182.55,450.52,201.89,288.57,280.63,,,,,,,,,,,,,,,,,,,,,,,,,,,,,,,,,,,,,,,,,,,,,,,,,,,,,,,,,,,,,,,,,,,,,,,,,,,,,,
Hebei,Qinhuangdao,,,,,,,,,,,,,,,,,,520.14,299.25,755.97,497.44,613.81,120.5,,,,,,,,,,,,,,,,,,,,,,,,,,,,,,,,,,,,,,,,,,,,,,,,,,,,,,,,,,,,,,,,,,,,,,,,,,,,,,
Hebei,Shijiazhuang,,,,,,,,,,,,,,,,,,83.35,375.17,224.33,159.92,,537.48,,,,,,,,,,,,,,,,,,,,,,,,,,,,,,,,,,,,,,,,,,,,,,,,,,,,,,,,,,,,,,,,,,,,,,,,,,,,,,
Hebei,Tangshan,,,,,,,,,,,,,,,,,,411.81,211.13,649.83,391.29,504.99,,,,,,,,,,,,,,,,,,,,,,,,,,,,,,,,,,,,,,,,,,,,,,,,,,,,,,,,,,,,,,,,,,,,,,,,,,,,,,,
Hebei,Xingtai,,,,,,,,,,,,,,,,,,190.66,366,121.44,138.75,112.22,553.06,,,,,,,,,,,,,,,,,,,,,,,,,,,,,,,,,,,,,,,,,,,,,,,,,,,,,,,,,,,,,,,,,,,,,,,,,,,,,,
Hebei,Zhangjiakou,,,,,,,,,,,,,,,,,,333.06,482.03,623.75,448.72,425.92,504.24,,,,,,,,,,,,,,,,,,,,,,,,,,,,,,,,,,,,,,,,,,,,,,,,,,,,,,,,,,,,,,,,,,,,,,,,,,,,,,
Henan,Anyang,,,,,,,,,,,,,,,,,,,,,,,,,76.2,285.33,57.56,313.93,93.54,321.09,,,,,,,,,,,,,,,,,,,,,,,,,,,,,,,,,,,,,,,,,,,,,,,,,,,,,,,,,,,,,,,,,,,,,,,
Henan,Hebi,,,,,,,,,,,,,,,,,,,,,,,,71.55,,284.27,73.75,294.04,80.85,338.61,,,,,,,,,,,,,,,,,,,,,,,,,,,,,,,,,,,,,,,,,,,,,,,,,,,,,,,,,,,,,,,,,,,,,,,
Henan,Jiyuan,,,,,,,,,,,,,,,,,,,,,,,,265.98,223.6,171.41,304.43,69.48,163.62,319.8,,,,,,,,,,,,,,,,,,,,,,,,,,,,,,,,,,,,,,,,,,,,,,,,,,,,,,,,,,,,,,,,,,,,,,,
Henan,Jiaozuo,,,,,,,,,,,,,,,,,,,,,,,,200.82,154.98,164.6,226.61,140.1,81.77,282.89,,,,,,,,,,,,,,,,,,,,,,,,,,,,,,,,,,,,,,,,,,,,,,,,,,,,,,,,,,,,,,,,,,,,,,,
Henan,Kaifeng,,,,,,,,,,,,,,,,,,,,,,,,212.78,178.25,203.02,166.76,286.68,111.78,203.8,,,,,,,,,,,,,,,,,,,,,,,,,,,,,,,,,,,,,,,,,,,,,,,,,,,,,,,,,,,,,,,,,,,,,,,
Henan,Luoyang,,,,,,,,,,,,,,,,,,,,,,,,366.12,320.43,111.52,386.86,59.37,238.38,270.19,,,,,,,,,,,,,,,,,,,,,,,,,,,,,,,,,,,,,,,,,,,,,,,,,,,,,,,,,,,,,,,,,,,,,,,
Henan,Luohe,,,,,,,,,,,,,,,,,,,,,,,,344.3,302.35,114.33,311.29,259.35,210.07,69.65,,,,,,,,,,,,,,,,,,,,,,,,,,,,,,,,,,,,,,,,,,,,,,,,,,,,,,,,,,,,,,,,,,,,,,,
Henan,Nanyang,,,,,,,,,,,,,,,,,,,,,,,,482.29,435.61,134.9,475.87,228.56,339.83,194.32,,,,,,,,,,,,,,,,,,,,,,,,,,,,,,,,,,,,,,,,,,,,,,,,,,,,,,,,,,,,,,,,,,,,,,,
Henan,Pingdingshan,,,,,,,,,,,,,,,,,,,,,,,,356.12,309.82,,347.17,171.42,213.11,142.59,,,,,,,,,,,,,,,,,,,,,,,,,,,,,,,,,,,,,,,,,,,,,,,,,,,,,,,,,,,,,,,,,,,,,,,
Henan,Puyang,,,,,,,,,,,,,,,,,,,,,,,,99.47,113.5,360.17,,386.78,168.11,381.82,,,,,,,,,,,,,,,,,,,,,,,,,,,,,,,,,,,,,,,,,,,,,,,,,,,,,,,,,,,,,,,,,,,,,,,
Henan,Sanmenxia,,,,,,,,,,,,,,,,,,,,,,,,483.41,440.74,245.71,517.46,,370.56,393.29,,,,,,,,,,,,,,,,,,,,,,,,,,,,,,,,,,,,,,,,,,,,,,,,,,,,,,,,,,,,,,,,,,,,,,,
Henan,Shangqiu,,,,,,,,,,,,,,,,,,,,,,,,293.22,275.58,313.84,215.51,420.03,240.23,241.09,,,,,,,,,,,,,,,,,,,,,,,,,,,,,,,,,,,,,,,,,,,,,,,,,,,,,,,,,,,,,,,,,,,,,,,
Henan,Xinxiang,,,,,,,,,,,,,,,,,,,,,,,,127.31,84.16,225.15,122.64,247.69,,285.42,,,,,,,,,,,,,,,,,,,,,,,,,,,,,,,,,,,,,,,,,,,,,,,,,,,,,,,,,,,,,,,,,,,,,,,
Henan,Xinyang,,,,,,,,,,,,,,,,,,,,,,,,551.1,515.84,326.44,494.84,479.77,433.94,169.69,,,,,,,,,,,,,,,,,,,,,,,,,,,,,,,,,,,,,,,,,,,,,,,,,,,,,,,,,,,,,,,,,,,,,,,
Henan,Xuchang,,,,,,,,,,,,,,,,,,,,,,,,294.03,250.14,90.91,271.41,213.55,154.98,129,,,,,,,,,,,,,,,,,,,,,,,,,,,,,,,,,,,,,,,,,,,,,,,,,,,,,,,,,,,,,,,,,,,,,,,
Henan,Zhengzhou,,,,,,,,,,,,,,,,,,,,,,,,233.21,186.88,114.8,230.63,168.5,90.27,208.06,,,,,,,,,,,,,,,,,,,,,,,,,,,,,,,,,,,,,,,,,,,,,,,,,,,,,,,,,,,,,,,,,,,,,,,
Henan,Zhoukou,,,,,,,,,,,,,,,,,,,,,,,,335.37,302.86,219.61,277.62,351.59,231.15,122.06,,,,,,,,,,,,,,,,,,,,,,,,,,,,,,,,,,,,,,,,,,,,,,,,,,,,,,,,,,,,,,,,,,,,,,,
Henan,Zhumadian,,,,,,,,,,,,,,,,,,,,,,,,438.17,398.43,189.85,395.09,343.15,309.25,,,,,,,,,,,,,,,,,,,,,,,,,,,,,,,,,,,,,,,,,,,,,,,,,,,,,,,,,,,,,,,,,,,,,,,,
Heilongjiang,Daqing,,,,,,,,,,,,,,,,,,,,,,,,,,,,,,,,526.09,695.05,182.51,713.07,,,,,,,,,,,,,,,,,,,,,,,,,,,,,,,,,,,,,,,,,,,,,,,,,,,,,,,,,,,,,,,,,,
Heilongjiang,Daxing,,,,,,,,,,,,,,,,,,,,,,,,,,,,,,,986.78,1196.82,1333.85,886,1243.73,,,,,,,,,,,,,,,,,,,,,,,,,,,,,,,,,,,,,,,,,,,,,,,,,,,,,,,,,,,,,,,,,,
Heilongjiang,Harbin,,,,,,,,,,,,,,,,,,,,,,,,,,,,,,,379.89,,329.19,542.23,383.07,,,,,,,,,,,,,,,,,,,,,,,,,,,,,,,,,,,,,,,,,,,,,,,,,,,,,,,,,,,,,,,,,,
Heilongjiang,Hegang,,,,,,,,,,,,,,,,,,,,,,,,,,,,,,,640.1,272.51,320.37,747.98,205.86,,,,,,,,,,,,,,,,,,,,,,,,,,,,,,,,,,,,,,,,,,,,,,,,,,,,,,,,,,,,,,,,,,
Heilongjiang,Heihe,,,,,,,,,,,,,,,,,,,,,,,,,,,,,,,505.25,574.36,714.28,506.7,633.86,,,,,,,,,,,,,,,,,,,,,,,,,,,,,,,,,,,,,,,,,,,,,,,,,,,,,,,,,,,,,,,,,,
Heilongjiang,Jixi,,,,,,,,,,,,,,,,,,,,,,,,,,,,,,,843.44,330.42,156.42,993.94,205,,,,,,,,,,,,,,,,,,,,,,,,,,,,,,,,,,,,,,,,,,,,,,,,,,,,,,,,,,,,,,,,,,
Heilongjiang,Jiamusi,,,,,,,,,,,,,,,,,,,,,,,,,,,,,,,995.04,533.98,442.54,1110.21,341.02,,,,,,,,,,,,,,,,,,,,,,,,,,,,,,,,,,,,,,,,,,,,,,,,,,,,,,,,,,,,,,,,,,
Heilongjiang,Qitaihe,,,,,,,,,,,,,,,,,,,,,,,,,,,,,,,689.31,175.73,,839.21,118.52,,,,,,,,,,,,,,,,,,,,,,,,,,,,,,,,,,,,,,,,,,,,,,,,,,,,,,,,,,,,,,,,,,
Heilongjiang,Qiqihar,,,,,,,,,,,,,,,,,,,,,,,,,,,,,,,185.33,596.83,771.47,,751.75,,,,,,,,,,,,,,,,,,,,,,,,,,,,,,,,,,,,,,,,,,,,,,,,,,,,,,,,,,,,,,,,,,
Heilongjiang,Shuangyashan,,,,,,,,,,,,,,,,,,,,,,,,,,,,,,,824.69,312.71,168.1,965.83,,,,,,,,,,,,,,,,,,,,,,,,,,,,,,,,,,,,,,,,,,,,,,,,,,,,,,,,,,,,,,,,,,,
Heilongjiang,Suihua,,,,,,,,,,,,,,,,,,,,,,,,,,,,,,,207.54,330.12,505.13,336.76,498.52,,,,,,,,,,,,,,,,,,,,,,,,,,,,,,,,,,,,,,,,,,,,,,,,,,,,,,,,,,,,,,,,,,
Heilongjiang,Yichunx,,,,,,,,,,,,,,,,,,,,,,,,,,,,,,,526.67,264.05,374.04,626.66,287.6,,,,,,,,,,,,,,,,,,,,,,,,,,,,,,,,,,,,,,,,,,,,,,,,,,,,,,,,,,,,,,,,,,
Hubei,Ezhou,,,,,,,,,,,,,,,,,,,,,,,,,,,,,,,,,,,,310.52,366.39,,,,,,,,,,,,,,,,,,,,,,,,,,,,,,,,,,,,,,,,,,,,,,,,,,,,,,,,,,,,,,,,
Hubei,Huanggang,,,,,,,,,,,,,,,,,,,,,,,,,,,,,,,,,,,,343.35,413.02,,,,,,,,,,,,,,,,,,,,,,,,,,,,,,,,,,,,,,,,,,,,,,,,,,,,,,,,,,,,,,,,
Hubei,Huangshi,,,,,,,,,,,,,,,,,,,,,,,,,,,,,,,,,,,,336.8,379.81,,,,,,,,,,,,,,,,,,,,,,,,,,,,,,,,,,,,,,,,,,,,,,,,,,,,,,,,,,,,,,,,
Hubei,Jingmen,,,,,,,,,,,,,,,,,,,,,,,,,,,,,,,,,,,,,139.22,,,,,,,,,,,,,,,,,,,,,,,,,,,,,,,,,,,,,,,,,,,,,,,,,,,,,,,,,,,,,,,,
Hubei,Jingzhou,,,,,,,,,,,,,,,,,,,,,,,,,,,,,,,,,,,,155.04,128.42,,,,,,,,,,,,,,,,,,,,,,,,,,,,,,,,,,,,,,,,,,,,,,,,,,,,,,,,,,,,,,,,
Hubei,Qianjiang,,,,,,,,,,,,,,,,,,,,,,,,,,,,,,,,,,,,103.13,122.98,,,,,,,,,,,,,,,,,,,,,,,,,,,,,,,,,,,,,,,,,,,,,,,,,,,,,,,,,,,,,,,,
Hubei,Suizhou,,,,,,,,,,,,,,,,,,,,,,,,,,,,,,,,,,,,165.38,272.98,,,,,,,,,,,,,,,,,,,,,,,,,,,,,,,,,,,,,,,,,,,,,,,,,,,,,,,,,,,,,,,,
Hubei,Tianmen,,,,,,,,,,,,,,,,,,,,,,,,,,,,,,,,,,,,104.77,166.05,,,,,,,,,,,,,,,,,,,,,,,,,,,,,,,,,,,,,,,,,,,,,,,,,,,,,,,,,,,,,,,,
Hubei,Wuhan,,,,,,,,,,,,,,,,,,,,,,,,,,,,,,,,,,,,235.43,301.06,,,,,,,,,,,,,,,,,,,,,,,,,,,,,,,,,,,,,,,,,,,,,,,,,,,,,,,,,,,,,,,,
Hubei,Xiantao,,,,,,,,,,,,,,,,,,,,,,,,,,,,,,,,,,,,154.53,192.13,,,,,,,,,,,,,,,,,,,,,,,,,,,,,,,,,,,,,,,,,,,,,,,,,,,,,,,,,,,,,,,,
Hubei,Xianning,,,,,,,,,,,,,,,,,,,,,,,,,,,,,,,,,,,,277.57,296.97,,,,,,,,,,,,,,,,,,,,,,,,,,,,,,,,,,,,,,,,,,,,,,,,,,,,,,,,,,,,,,,,
Hubei,Xiangyang,,,,,,,,,,,,,,,,,,,,,,,,,,,,,,,,,,,,124.87,204.79,,,,,,,,,,,,,,,,,,,,,,,,,,,,,,,,,,,,,,,,,,,,,,,,,,,,,,,,,,,,,,,,
Hubei,Xiaogan,,,,,,,,,,,,,,,,,,,,,,,,,,,,,,,,,,,,178.42,265.58,,,,,,,,,,,,,,,,,,,,,,,,,,,,,,,,,,,,,,,,,,,,,,,,,,,,,,,,,,,,,,,,
Hubei,Yichang,,,,,,,,,,,,,,,,,,,,,,,,,,,,,,,,,,,,132.21,,,,,,,,,,,,,,,,,,,,,,,,,,,,,,,,,,,,,,,,,,,,,,,,,,,,,,,,,,,,,,,,,
Jilin,Baicheng,,,,,,,,,,,,,,,,,,,,,,,,,,,,,,,,,,,,,,629.89,,,,,,,,,,,,,,,,,,,,,,,,,,,,,,,,,,,,,,,,,,,,,,,,,,,,,,,,,,,,,,,
Jilin,Baishan,,,,,,,,,,,,,,,,,,,,,,,,,,,,,,,,,,,,,,168.44,,,,,,,,,,,,,,,,,,,,,,,,,,,,,,,,,,,,,,,,,,,,,,,,,,,,,,,,,,,,,,,
Jilin,Jilin,,,,,,,,,,,,,,,,,,,,,,,,,,,,,,,,,,,,,,293.84,,,,,,,,,,,,,,,,,,,,,,,,,,,,,,,,,,,,,,,,,,,,,,,,,,,,,,,,,,,,,,,
Jilin,Liaoyuan,,,,,,,,,,,,,,,,,,,,,,,,,,,,,,,,,,,,,,164.33,,,,,,,,,,,,,,,,,,,,,,,,,,,,,,,,,,,,,,,,,,,,,,,,,,,,,,,,,,,,,,,
Jilin,Siping,,,,,,,,,,,,,,,,,,,,,,,,,,,,,,,,,,,,,,302.33,,,,,,,,,,,,,,,,,,,,,,,,,,,,,,,,,,,,,,,,,,,,,,,,,,,,,,,,,,,,,,,
Jilin,Songyuan,,,,,,,,,,,,,,,,,,,,,,,,,,,,,,,,,,,,,,485.23,,,,,,,,,,,,,,,,,,,,,,,,,,,,,,,,,,,,,,,,,,,,,,,,,,,,,,,,,,,,,,,
Jilin,Tonghua,,,,,,,,,,,,,,,,,,,,,,,,,,,,,,,,,,,,,,,,,,,,,,,,,,,,,,,,,,,,,,,,,,,,,,,,,,,,,,,,,,,,,,,,,,,,,,,,,,,,,
Jilin,Yanbian,,,,,,,,,,,,,,,,,,,,,,,,,,,,,,,,,,,,,,420.49,,,,,,,,,,,,,,,,,,,,,,,,,,,,,,,,,,,,,,,,,,,,,,,,,,,,,,,,,,,,,,,
Jilin,Changchun,,,,,,,,,,,,,,,,,,,,,,,,,,,,,,,,,,,,,,380.86,,,,,,,,,,,,,,,,,,,,,,,,,,,,,,,,,,,,,,,,,,,,,,,,,,,,,,,,,,,,,,,
Jiangsu,Changzhou,,,,,,,,,,,,,,,,,,,,,,,,,,,,,,,,,,,,,,,410.39,113.75,151.06,406.91,,,,,,,,,,,,,,,,,,,,,,,,,,,,,,,,,,,,,,,,,,,,,,,,,,,,,,,,,,,
Jiangsu,Huaian,,,,,,,,,,,,,,,,,,,,,,,,,,,,,,,,,,,,,,,185.52,142.43,360.99,179.13,,,,,,,,,,,,,,,,,,,,,,,,,,,,,,,,,,,,,,,,,,,,,,,,,,,,,,,,,,,
Jiangsu,Lianyungang,,,,,,,,,,,,,,,,,,,,,,,,,,,,,,,,,,,,,,,,302.64,499.1,131.38,,,,,,,,,,,,,,,,,,,,,,,,,,,,,,,,,,,,,,,,,,,,,,,,,,,,,,,,,,,
Jiangsu,Nanjing,,,,,,,,,,,,,,,,,,,,,,,,,,,,,,,,,,,,,,,371.85,,228.34,343.34,,,,,,,,,,,,,,,,,,,,,,,,,,,,,,,,,,,,,,,,,,,,,,,,,,,,,,,,,,,
Jiangsu,Nantong,,,,,,,,,,,,,,,,,,,,,,,,,,,,,,,,,,,,,,,376.37,249.81,169.36,452.29,,,,,,,,,,,,,,,,,,,,,,,,,,,,,,,,,,,,,,,,,,,,,,,,,,,,,,,,,,,
Jiangsu,Suzhou,,,,,,,,,,,,,,,,,,,,,,,,,,,,,,,,,,,,,,,456.78,237.38,,499.6,,,,,,,,,,,,,,,,,,,,,,,,,,,,,,,,,,,,,,,,,,,,,,,,,,,,,,,,,,,
Jiangsu,Suqian,,,,,,,,,,,,,,,,,,,,,,,,,,,,,,,,,,,,,,,158.39,201.66,435.84,103.2,,,,,,,,,,,,,,,,,,,,,,,,,,,,,,,,,,,,,,,,,,,,,,,,,,,,,,,,,,,
Jiangsu,Taizhoux,,,,,,,,,,,,,,,,,,,,,,,,,,,,,,,,,,,,,,,322.46,138.39,185.2,362.54,,,,,,,,,,,,,,,,,,,,,,,,,,,,,,,,,,,,,,,,,,,,,,,,,,,,,,,,,,,
Jiangsu,Wuxi,,,,,,,,,,,,,,,,,,,,,,,,,,,,,,,,,,,,,,,414.04,192.11,93.05,451.88,,,,,,,,,,,,,,,,,,,,,,,,,,,,,,,,,,,,,,,,,,,,,,,,,,,,,,,,,,,
Jiangsu,Xuzhou,,,,,,,,,,,,,,,,,,,,,,,,,,,,,,,,,,,,,,,228.3,301.5,554.62,,,,,,,,,,,,,,,,,,,,,,,,,,,,,,,,,,,,,,,,,,,,,,,,,,,,,,,,,,,,
Jiangsu,Yancheng,,,,,,,,,,,,,,,,,,,,,,,,,,,,,,,,,,,,,,,176.5,224.83,338.59,275.12,,,,,,,,,,,,,,,,,,,,,,,,,,,,,,,,,,,,,,,,,,,,,,,,,,,,,,,,,,,
Jiangsu,Yangzhou,,,,,,,,,,,,,,,,,,,,,,,,,,,,,,,,,,,,,,,258.96,95.5,262.15,278.52,,,,,,,,,,,,,,,,,,,,,,,,,,,,,,,,,,,,,,,,,,,,,,,,,,,,,,,,,,,
Jiangsu,Zhenjiang,,,,,,,,,,,,,,,,,,,,,,,,,,,,,,,,,,,,,,,346.42,80.98,187.67,353.12,,,,,,,,,,,,,,,,,,,,,,,,,,,,,,,,,,,,,,,,,,,,,,,,,,,,,,,,,,,
Jiangxi,Fuzhoux,,,,,,,,,,,,,,,,,,,,,,,,,,,,,,,,,,,,,,,,,,,308.68,,,,,,,,,,,,,,,,,,,,,,,,,,,,,,,,,,,,,,,,,,,,,,,,,,,,,,,,,,
Jiangxi,Ganzhou,,,,,,,,,,,,,,,,,,,,,,,,,,,,,,,,,,,,,,,,,,,552.28,,,,,,,,,,,,,,,,,,,,,,,,,,,,,,,,,,,,,,,,,,,,,,,,,,,,,,,,,,
Jiangxi,Jian,,,,,,,,,,,,,,,,,,,,,,,,,,,,,,,,,,,,,,,,,,,423.58,,,,,,,,,,,,,,,,,,,,,,,,,,,,,,,,,,,,,,,,,,,,,,,,,,,,,,,,,,
Jiangxi,Jingdezhen,,,,,,,,,,,,,,,,,,,,,,,,,,,,,,,,,,,,,,,,,,,110.99,,,,,,,,,,,,,,,,,,,,,,,,,,,,,,,,,,,,,,,,,,,,,,,,,,,,,,,,,,
Jiangxi,Jiujiang,,,,,,,,,,,,,,,,,,,,,,,,,,,,,,,,,,,,,,,,,,,,,,,,,,,,,,,,,,,,,,,,,,,,,,,,,,,,,,,,,,,,,,,,,,,,,,,,,,,,,
Jiangxi,Pingxiang,,,,,,,,,,,,,,,,,,,,,,,,,,,,,,,,,,,,,,,,,,,428.95,,,,,,,,,,,,,,,,,,,,,,,,,,,,,,,,,,,,,,,,,,,,,,,,,,,,,,,,,,
Jiangxi,Shangrao,,,,,,,,,,,,,,,,,,,,,,,,,,,,,,,,,,,,,,,,,,,231.78,,,,,,,,,,,,,,,,,,,,,,,,,,,,,,,,,,,,,,,,,,,,,,,,,,,,,,,,,,
Jiangxi,Xinyu,,,,,,,,,,,,,,,,,,,,,,,,,,,,,,,,,,,,,,,,,,,328.65,,,,,,,,,,,,,,,,,,,,,,,,,,,,,,,,,,,,,,,,,,,,,,,,,,,,,,,,,,
Jiangxi,Yichun,,,,,,,,,,,,,,,,,,,,,,,,,,,,,,,,,,,,,,,,,,,240.84,,,,,,,,,,,,,,,,,,,,,,,,,,,,,,,,,,,,,,,,,,,,,,,,,,,,,,,,,,
Jiangxi,Yingtan,,,,,,,,,,,,,,,,,,,,,,,,,,,,,,,,,,,,,,,,,,,225.78,,,,,,,,,,,,,,,,,,,,,,,,,,,,,,,,,,,,,,,,,,,,,,,,,,,,,,,,,,
Liaoning,Anshan,,,,,,,,,,,,,,,,,,,,,,,,,,,,,,,,,,,,,,,,,,,,259.88,,,,,,,,,,,,,,,,,,,,,,,,,,,,,,,,,,,,,,,,,,,,,,,,,,,,,,,,,
Liaoning,Benxi,,,,,,,,,,,,,,,,,,,,,,,,,,,,,,,,,,,,,,,,,,,,393.28,,,,,,,,,,,,,,,,,,,,,,,,,,,,,,,,,,,,,,,,,,,,,,,,,,,,,,,,,
Liaoning,Chaoyang,,,,,,,,,,,,,,,,,,,,,,,,,,,,,,,,,,,,,,,,,,,,316.99,,,,,,,,,,,,,,,,,,,,,,,,,,,,,,,,,,,,,,,,,,,,,,,,,,,,,,,,,
Liaoning,Dalian,,,,,,,,,,,,,,,,,,,,,,,,,,,,,,,,,,,,,,,,,,,,,,,,,,,,,,,,,,,,,,,,,,,,,,,,,,,,,,,,,,,,,,,,,,,,,,,,,,,,,
Liaoning,Dandong,,,,,,,,,,,,,,,,,,,,,,,,,,,,,,,,,,,,,,,,,,,,376.3,,,,,,,,,,,,,,,,,,,,,,,,,,,,,,,,,,,,,,,,,,,,,,,,,,,,,,,,,
Liaoning,Fushun,,,,,,,,,,,,,,,,,,,,,,,,,,,,,,,,,,,,,,,,,,,,503.51,,,,,,,,,,,,,,,,,,,,,,,,,,,,,,,,,,,,,,,,,,,,,,,,,,,,,,,,,
Liaoning,Fuxin,,,,,,,,,,,,,,,,,,,,,,,,,,,,,,,,,,,,,,,,,,,,407.16,,,,,,,,,,,,,,,,,,,,,,,,,,,,,,,,,,,,,,,,,,,,,,,,,,,,,,,,,
Liaoning,Huludao,,,,,,,,,,,,,,,,,,,,,,,,,,,,,,,,,,,,,,,,,,,,187.08,,,,,,,,,,,,,,,,,,,,,,,,,,,,,,,,,,,,,,,,,,,,,,,,,,,,,,,,,
Liaoning,Jinzhou,,,,,,,,,,,,,,,,,,,,,,,,,,,,,,,,,,,,,,,,,,,,252.22,,,,,,,,,,,,,,,,,,,,,,,,,,,,,,,,,,,,,,,,,,,,,,,,,,,,,,,,,
Liaoning,Liaoyang,,,,,,,,,,,,,,,,,,,,,,,,,,,,,,,,,,,,,,,,,,,,330.75,,,,,,,,,,,,,,,,,,,,,,,,,,,,,,,,,,,,,,,,,,,,,,,,,,,,,,,,,
Liaoning,Panjin,,,,,,,,,,,,,,,,,,,,,,,,,,,,,,,,,,,,,,,,,,,,233.64,,,,,,,,,,,,,,,,,,,,,,,,,,,,,,,,,,,,,,,,,,,,,,,,,,,,,,,,,
Liaoning,Shenyang,,,,,,,,,,,,,,,,,,,,,,,,,,,,,,,,,,,,,,,,,,,,426.26,,,,,,,,,,,,,,,,,,,,,,,,,,,,,,,,,,,,,,,,,,,,,,,,,,,,,,,,,
Liaoning,Tieling,,,,,,,,,,,,,,,,,,,,,,,,,,,,,,,,,,,,,,,,,,,,558.16,,,,,,,,,,,,,,,,,,,,,,,,,,,,,,,,,,,,,,,,,,,,,,,,,,,,,,,,,
Liaoning,Yingkou,,,,,,,,,,,,,,,,,,,,,,,,,,,,,,,,,,,,,,,,,,,,178.28,,,,,,,,,,,,,,,,,,,,,,,,,,,,,,,,,,,,,,,,,,,,,,,,,,,,,,,,,
E_InnerMongo,Chifeng,,,,,,,,,,,,,,,,,,,,,,,,,,,,,,,,,,,,,,,,,,,,,,,,,,,,,,,,,,,,,,,,,,,,,,,,,,,,,,,,,,,,,,,,,,,,,,,,,,,,,
E_InnerMongo,Hulunbuir,,,,,,,,,,,,,,,,,,,,,,,,,,,,,,,,,,,,,,,,,,,,,1168.24,,,,,,,,,,,,,,,,,,,,,,,,,,,,,,,,,,,,,,,,,,,,,,,,,,,,,,,,
E_InnerMongo,Tongliao,,,,,,,,,,,,,,,,,,,,,,,,,,,,,,,,,,,,,,,,,,,,,546.59,,,,,,,,,,,,,,,,,,,,,,,,,,,,,,,,,,,,,,,,,,,,,,,,,,,,,,,,
E_InnerMongo,Xingan,,,,,,,,,,,,,,,,,,,,,,,,,,,,,,,,,,,,,,,,,,,,,707.6,,,,,,,,,,,,,,,,,,,,,,,,,,,,,,,,,,,,,,,,,,,,,,,,,,,,,,,,
W_InnerMongo,Alxa,,,,,,,,,,,,,,,,,,,,,,,,,,,,,,,,,,,,,,,,,,,,,,,481.62,820.53,804.98,983.25,535.73,1255.09,1587.9,,,,,,,,,,,,,,,,,,,,,,,,,,,,,,,,,,,,,,,,,,,,,,,,
W_InnerMongo,Bayannur,,,,,,,,,,,,,,,,,,,,,,,,,,,,,,,,,,,,,,,,,,,,,,302.86,,284.97,406.85,456.75,334.25,694.68,1009.52,,,,,,,,,,,,,,,,,,,,,,,,,,,,,,,,,,,,,,,,,,,,,,,,
W_InnerMongo,Batou,,,,,,,,,,,,,,,,,,,,,,,,,,,,,,,,,,,,,,,,,,,,,,509.29,397.19,,370.57,231.11,498.87,402.04,710.23,,,,,,,,,,,,,,,,,,,,,,,,,,,,,,,,,,,,,,,,,,,,,,,,
W_InnerMongo,Ordos,,,,,,,,,,,,,,,,,,,,,,,,,,,,,,,,,,,,,,,,,,,,,,233.81,302.81,221.86,,321.53,182.42,610.83,976.98,,,,,,,,,,,,,,,,,,,,,,,,,,,,,,,,,,,,,,,,,,,,,,,,
W_InnerMongo,Hohhot,,,,,,,,,,,,,,,,,,,,,,,,,,,,,,,,,,,,,,,,,,,,,,574.35,527.47,181.67,313.4,,539.48,255.3,614.43,,,,,,,,,,,,,,,,,,,,,,,,,,,,,,,,,,,,,,,,,,,,,,,,
W_InnerMongo,Wuhai,,,,,,,,,,,,,,,,,,,,,,,,,,,,,,,,,,,,,,,,,,,,,,41.3,221.18,374.9,295.97,508.06,,795.8,1155.86,,,,,,,,,,,,,,,,,,,,,,,,,,,,,,,,,,,,,,,,,,,,,,,,
W_InnerMongo,Ulanqab,,,,,,,,,,,,,,,,,,,,,,,,,,,,,,,,,,,,,,,,,,,,,,730.81,640.59,329.12,503.6,252.28,706.77,,465.9,,,,,,,,,,,,,,,,,,,,,,,,,,,,,,,,,,,,,,,,,,,,,,,,
W_InnerMongo,XilinGol ,,,,,,,,,,,,,,,,,,,,,,,,,,,,,,,,,,,,,,,,,,,,,,1211.12,1080.68,822.31,1008.86,754.39,1197.44,533.32,,,,,,,,,,,,,,,,,,,,,,,,,,,,,,,,,,,,,,,,,,,,,,,,,
Ningxia,Guyuan,,,,,,,,,,,,,,,,,,,,,,,,,,,,,,,,,,,,,,,,,,,,,,,,,,,,,,212.08,325.96,,,,,,,,,,,,,,,,,,,,,,,,,,,,,,,,,,,,,,,,,,,,,,
Ningxia,Shizuishan,,,,,,,,,,,,,,,,,,,,,,,,,,,,,,,,,,,,,,,,,,,,,,,,,,,,,,226.05,110.19,,,,,,,,,,,,,,,,,,,,,,,,,,,,,,,,,,,,,,,,,,,,,,
Ningxia,Wuzhong,,,,,,,,,,,,,,,,,,,,,,,,,,,,,,,,,,,,,,,,,,,,,,,,,,,,,,,108.92,,,,,,,,,,,,,,,,,,,,,,,,,,,,,,,,,,,,,,,,,,,,,,
Ningxia,Yinchuan,,,,,,,,,,,,,,,,,,,,,,,,,,,,,,,,,,,,,,,,,,,,,,,,,,,,,,164.58,,,,,,,,,,,,,,,,,,,,,,,,,,,,,,,,,,,,,,,,,,,,,,,
Ningxia,Zhongwei,,,,,,,,,,,,,,,,,,,,,,,,,,,,,,,,,,,,,,,,,,,,,,,,,,,,,,132.16,208.03,,,,,,,,,,,,,,,,,,,,,,,,,,,,,,,,,,,,,,,,,,,,,,
Qinghai,Guoluo,,,,,,,,,,,,,,,,,,,,,,,,,,,,,,,,,,,,,,,,,,,,,,,,,,,,,,,,590.88,412.35,,,,,,,,,,,,,,,,,,,,,,,,,,,,,,,,,,,,,,,,,,,,
Qinghai,Haibei,,,,,,,,,,,,,,,,,,,,,,,,,,,,,,,,,,,,,,,,,,,,,,,,,,,,,,,,579.9,209.87,,,,,,,,,,,,,,,,,,,,,,,,,,,,,,,,,,,,,,,,,,,,
Qinghai,Haidong,,,,,,,,,,,,,,,,,,,,,,,,,,,,,,,,,,,,,,,,,,,,,,,,,,,,,,,,792.1,98.93,,,,,,,,,,,,,,,,,,,,,,,,,,,,,,,,,,,,,,,,,,,,
Qinghai,Hainan,,,,,,,,,,,,,,,,,,,,,,,,,,,,,,,,,,,,,,,,,,,,,,,,,,,,,,,,570.01,171.87,,,,,,,,,,,,,,,,,,,,,,,,,,,,,,,,,,,,,,,,,,,,
Qinghai,Haixi,,,,,,,,,,,,,,,,,,,,,,,,,,,,,,,,,,,,,,,,,,,,,,,,,,,,,,,,,717.17,,,,,,,,,,,,,,,,,,,,,,,,,,,,,,,,,,,,,,,,,,,,
Qinghai,Huangnan,,,,,,,,,,,,,,,,,,,,,,,,,,,,,,,,,,,,,,,,,,,,,,,,,,,,,,,,754.08,242.41,,,,,,,,,,,,,,,,,,,,,,,,,,,,,,,,,,,,,,,,,,,,
Qinghai,Xining,,,,,,,,,,,,,,,,,,,,,,,,,,,,,,,,,,,,,,,,,,,,,,,,,,,,,,,,688.69,,,,,,,,,,,,,,,,,,,,,,,,,,,,,,,,,,,,,,,,,,,,,
Qinghai,Yushu,,,,,,,,,,,,,,,,,,,,,,,,,,,,,,,,,,,,,,,,,,,,,,,,,,,,,,,,364.79,862.96,,,,,,,,,,,,,,,,,,,,,,,,,,,,,,,,,,,,,,,,,,,,
Shandong,Binzhou,,,,,,,,,,,,,,,,,,,,,,,,,,,,,,,,,,,,,,,,,,,,,,,,,,,,,,,,,,178.72,365.91,99.07,305.69,248.91,403.94,241.69,149.97,361.45,361.2,111.89,,,,,,,,,,,,,,,,,,,,,,,,,,,,,,,,,
Shandong,Dezhou,,,,,,,,,,,,,,,,,,,,,,,,,,,,,,,,,,,,,,,,,,,,,,,,,,,,,,,,,,,272.03,104.65,250.58,135.21,405.52,206.9,268.6,496.67,321.76,192.81,,,,,,,,,,,,,,,,,,,,,,,,,,,,,,,,,
Shandong,Dongying,,,,,,,,,,,,,,,,,,,,,,,,,,,,,,,,,,,,,,,,,,,,,,,,,,,,,,,,,,267.93,432.22,166.21,356.8,328.07,415.89,289.26,93.13,273.13,400.19,120.25,,,,,,,,,,,,,,,,,,,,,,,,,,,,,,,,,
Shandong,Heze,,,,,,,,,,,,,,,,,,,,,,,,,,,,,,,,,,,,,,,,,,,,,,,,,,,,,,,,,,325.56,,311.05,145.37,173.27,301.82,203.28,456.8,688.22,175.57,369.84,,,,,,,,,,,,,,,,,,,,,,,,,,,,,,,,,
Shandong,Jinan,,,,,,,,,,,,,,,,,,,,,,,,,,,,,,,,,,,,,,,,,,,,,,,,,,,,,,,,,,158.89,223.07,,165.9,123.23,301.13,108.77,212.25,450.78,229.43,122.82,,,,,,,,,,,,,,,,,,,,,,,,,,,,,,,,,
Shandong,Jining,,,,,,,,,,,,,,,,,,,,,,,,,,,,,,,,,,,,,,,,,,,,,,,,,,,,,,,,,,295.36,82.28,225.43,,149.49,203.67,91.38,347.36,573.19,79.68,264.97,,,,,,,,,,,,,,,,,,,,,,,,,,,,,,,,,
Shandong,Liaocheng,,,,,,,,,,,,,,,,,,,,,,,,,,,,,,,,,,,,,,,,,,,,,,,,,,,,,,,,,,145.94,153,187.29,182.33,,369.73,179.14,362.29,600.43,255.49,273.39,,,,,,,,,,,,,,,,,,,,,,,,,,,,,,,,,
Shandong,Linyi,,,,,,,,,,,,,,,,,,,,,,,,,,,,,,,,,,,,,,,,,,,,,,,,,,,,,,,,,,375.14,254.19,236.01,149.81,275.76,,131.7,256.34,443.54,123.46,208.64,,,,,,,,,,,,,,,,,,,,,,,,,,,,,,,,,
Shandong,Qingdao,,,,,,,,,,,,,,,,,,,,,,,,,,,,,,,,,,,,,,,,,,,,,,,,,,,,,,,,,,457.5,485.7,303.71,381.51,443.14,320.03,326.75,149.02,189.97,380.58,212.53,,,,,,,,,,,,,,,,,,,,,,,,,,,,,,,,,
Shandong,Rizhao,,,,,,,,,,,,,,,,,,,,,,,,,,,,,,,,,,,,,,,,,,,,,,,,,,,,,,,,,,415.82,351.4,259.61,245.03,348.07,157.16,208.01,205.17,352.39,226.15,196.02,,,,,,,,,,,,,,,,,,,,,,,,,,,,,,,,,
Shandong,Taian,,,,,,,,,,,,,,,,,,,,,,,,,,,,,,,,,,,,,,,,,,,,,,,,,,,,,,,,,,221.38,145.33,132.86,76.15,107.3,236.65,,268.58,502.7,144.11,181.18,,,,,,,,,,,,,,,,,,,,,,,,,,,,,,,,,
Shandong,Weihai,,,,,,,,,,,,,,,,,,,,,,,,,,,,,,,,,,,,,,,,,,,,,,,,,,,,,,,,,,642.74,710.87,504.31,607.36,657.53,532.01,550.89,328.27,120.25,605.32,414.04,,,,,,,,,,,,,,,,,,,,,,,,,,,,,,,,,
Shandong,Weifang,,,,,,,,,,,,,,,,,,,,,,,,,,,,,,,,,,,,,,,,,,,,,,,,,,,,,,,,,,340.47,380.23,184.32,281.06,324.85,275.32,219.39,,266.42,297.27,94.66,,,,,,,,,,,,,,,,,,,,,,,,,,,,,,,,,
Shandong,Yantai,,,,,,,,,,,,,,,,,,,,,,,,,,,,,,,,,,,,,,,,,,,,,,,,,,,,,,,,,,508.89,595.04,373.5,495.2,530.42,451.82,434.21,196.78,,504.11,284.99,,,,,,,,,,,,,,,,,,,,,,,,,,,,,,,,,
Shandong,Zhaozhuang,,,,,,,,,,,,,,,,,,,,,,,,,,,,,,,,,,,,,,,,,,,,,,,,,,,,,,,,,,374.55,166.19,271.77,88.25,239.76,111.08,128.09,347.8,551.93,,280.53,,,,,,,,,,,,,,,,,,,,,,,,,,,,,,,,,
Shandong,Zibo,,,,,,,,,,,,,,,,,,,,,,,,,,,,,,,,,,,,,,,,,,,,,,,,,,,,,,,,,,235.05,286.97,75.86,201.29,213.12,272.03,133.57,127.3,364.09,242.26,,,,,,,,,,,,,,,,,,,,,,,,,,,,,,,,,,
Shanxi,Datong,,,,,,,,,,,,,,,,,,,,,,,,,,,,,,,,,,,,,,,,,,,,,,,,,,,,,,,,,,,,,,,,,,,,,,604.43,436.59,525.71,454.37,108.3,362.6,746.33,493.03,,,,,,,,,,,,,,,,,,,,,,,,
Shanxi,Jincheng,,,,,,,,,,,,,,,,,,,,,,,,,,,,,,,,,,,,,,,,,,,,,,,,,,,,,,,,,,,,,,,,,,,,,618.89,,222.77,121.22,222.94,562.33,278.11,225.38,124.41,,,,,,,,,,,,,,,,,,,,,,,,
Shanxi,Jinzhong,,,,,,,,,,,,,,,,,,,,,,,,,,,,,,,,,,,,,,,,,,,,,,,,,,,,,,,,,,,,,,,,,,,,,379.73,230.96,,156.34,130.09,324.95,77.77,389.36,123.11,,,,,,,,,,,,,,,,,,,,,,,,
Shanxi,Linfen,,,,,,,,,,,,,,,,,,,,,,,,,,,,,,,,,,,,,,,,,,,,,,,,,,,,,,,,,,,,,,,,,,,,,570.36,186,145.09,,127.11,503.93,219.13,165.17,196.07,,,,,,,,,,,,,,,,,,,,,,,,
Shanxi,Lvliang,,,,,,,,,,,,,,,,,,,,,,,,,,,,,,,,,,,,,,,,,,,,,,,,,,,,,,,,,,,,,,,,,,,,,396.16,333.65,115.26,207.36,,325.81,121.43,356.87,267.93,,,,,,,,,,,,,,,,,,,,,,,,
Shanxi,Shuozhou,,,,,,,,,,,,,,,,,,,,,,,,,,,,,,,,,,,,,,,,,,,,,,,,,,,,,,,,,,,,,,,,,,,,,95.54,532.92,338.32,436.66,352.56,,267.42,643.39,425.83,,,,,,,,,,,,,,,,,,,,,,,,
Shanxi,Taiyuan,,,,,,,,,,,,,,,,,,,,,,,,,,,,,,,,,,,,,,,,,,,,,,,,,,,,,,,,,,,,,,,,,,,,,307.31,326.18,120.64,220.12,136.26,242.43,,428.52,228.87,,,,,,,,,,,,,,,,,,,,,,,,
Shanxi,Xinzhou,,,,,,,,,,,,,,,,,,,,,,,,,,,,,,,,,,,,,,,,,,,,,,,,,,,,,,,,,,,,,,,,,,,,,206.15,427.62,225.32,325.32,239.1,138.54,156.04,530.01,324.75,,,,,,,,,,,,,,,,,,,,,,,,
Shanxi,Yuncheng,,,,,,,,,,,,,,,,,,,,,,,,,,,,,,,,,,,,,,,,,,,,,,,,,,,,,,,,,,,,,,,,,,,,,716,213.7,288.7,206.88,272.72,650.17,362.44,,286.85,,,,,,,,,,,,,,,,,,,,,,,,
Shanxi,Changzhi,,,,,,,,,,,,,,,,,,,,,,,,,,,,,,,,,,,,,,,,,,,,,,,,,,,,,,,,,,,,,,,,,,,,,498.26,112.36,133.7,81.78,145.3,443.23,168.51,302.27,,,,,,,,,,,,,,,,,,,,,,,,,
Shaanxi,Ankang,,,,,,,,,,,,,,,,,,,,,,,,,,,,,,,,,,,,,,,,,,,,,,,,,,,,,,,,,,,,,,,,,,,,,,,,,,,,,,292.86,415.62,354.51,429.89,741.08,,,,,,,,,,,,,,,,,,,
Shaanxi,Baoji,,,,,,,,,,,,,,,,,,,,,,,,,,,,,,,,,,,,,,,,,,,,,,,,,,,,,,,,,,,,,,,,,,,,,,,,,,,,,,,399.76,129.71,321.1,582.62,,,,,,,,,,,,,,,,,,,
Shaanxi,Hanzhong,,,,,,,,,,,,,,,,,,,,,,,,,,,,,,,,,,,,,,,,,,,,,,,,,,,,,,,,,,,,,,,,,,,,,,,,,,,,,,184.34,502.93,295.05,458.89,744.64,,,,,,,,,,,,,,,,,,,
Shaanxi,Tongchuan,,,,,,,,,,,,,,,,,,,,,,,,,,,,,,,,,,,,,,,,,,,,,,,,,,,,,,,,,,,,,,,,,,,,,,,,,,,,,,219.66,169.6,140.93,106.69,414.27,,,,,,,,,,,,,,,,,,,
Shaanxi,Weinan,,,,,,,,,,,,,,,,,,,,,,,,,,,,,,,,,,,,,,,,,,,,,,,,,,,,,,,,,,,,,,,,,,,,,,,,,,,,,,294.21,,234.72,142.93,445.43,,,,,,,,,,,,,,,,,,,
Shaanxi,Xian,,,,,,,,,,,,,,,,,,,,,,,,,,,,,,,,,,,,,,,,,,,,,,,,,,,,,,,,,,,,,,,,,,,,,,,,,,,,,,175.22,273.27,188.17,255.26,563.86,,,,,,,,,,,,,,,,,,,
Shaanxi,Xianyang,,,,,,,,,,,,,,,,,,,,,,,,,,,,,,,,,,,,,,,,,,,,,,,,,,,,,,,,,,,,,,,,,,,,,,,,,,,,,,131.73,256.44,,190.49,483.56,,,,,,,,,,,,,,,,,,,
Shaanxi,Yanyan,,,,,,,,,,,,,,,,,,,,,,,,,,,,,,,,,,,,,,,,,,,,,,,,,,,,,,,,,,,,,,,,,,,,,,,,,,,,,,352.97,177.22,240.62,,241.51,,,,,,,,,,,,,,,,,,,
Shaanxi,Yulinx,,,,,,,,,,,,,,,,,,,,,,,,,,,,,,,,,,,,,,,,,,,,,,,,,,,,,,,,,,,,,,,,,,,,,,,,,,,,,,555.28,359.32,439.23,295.32,,,,,,,,,,,,,,,,,,,,
Shanghai,Shanghai,,,,,,,,,,,,,,,,,,,,,,,,,,,,,,,,,,,,,,,,,,,,,,,,,,,,,,,,,,,,,,,,,,,,,,,,,,,,,,,,,,,,,,,,,,,,,,,,,,,,,
Sichuan,Aba,,,,,,,,,,,,,,,,,,,,,,,,,,,,,,,,,,,,,,,,,,,,,,,,,,,,,,,,,,,,,,,,,,,,,,,,,,,,,,,,,,,,566.53,561.1,256.84,,,,,,,,,,,,,,,
Sichuan,Dazhou,,,,,,,,,,,,,,,,,,,,,,,,,,,,,,,,,,,,,,,,,,,,,,,,,,,,,,,,,,,,,,,,,,,,,,,,,,,,,,,,,,,,,417.68,320.79,,,,,,,,,,,,,,,
Sichuan,Ganzi,,,,,,,,,,,,,,,,,,,,,,,,,,,,,,,,,,,,,,,,,,,,,,,,,,,,,,,,,,,,,,,,,,,,,,,,,,,,,,,,,,,,830.54,657.93,545.01,,,,,,,,,,,,,,,
Sichuan,Liangshan,,,,,,,,,,,,,,,,,,,,,,,,,,,,,,,,,,,,,,,,,,,,,,,,,,,,,,,,,,,,,,,,,,,,,,,,,,,,,,,,,,,,731.11,384.02,588.32,,,,,,,,,,,,,,,
Sichuan,Luzhou,,,,,,,,,,,,,,,,,,,,,,,,,,,,,,,,,,,,,,,,,,,,,,,,,,,,,,,,,,,,,,,,,,,,,,,,,,,,,,,,,,,,401.55,,425.4,,,,,,,,,,,,,,,
Sichuan,Mianyang,,,,,,,,,,,,,,,,,,,,,,,,,,,,,,,,,,,,,,,,,,,,,,,,,,,,,,,,,,,,,,,,,,,,,,,,,,,,,,,,,,,,321.94,403.38,,,,,,,,,,,,,,,,
Sichuan,Panzhihua,,,,,,,,,,,,,,,,,,,,,,,,,,,,,,,,,,,,,,,,,,,,,,,,,,,,,,,,,,,,,,,,,,,,,,,,,,,,,,,,,,,,844.98,475.81,725.22,,,,,,,,,,,,,,,
Tianjin,Tianjin,,,,,,,,,,,,,,,,,,,,,,,,,,,,,,,,,,,,,,,,,,,,,,,,,,,,,,,,,,,,,,,,,,,,,,,,,,,,,,,,,,,,,,,,,,,,,,,,,,,,,
Sinkiang,Aksu,,,,,,,,,,,,,,,,,,,,,,,,,,,,,,,,,,,,,,,,,,,,,,,,,,,,,,,,,,,,,,,,,,,,,,,,,,,,,,,,,,,,,,,,,400.99,635.62,1424.89,631.8,739.19,752.57,,,,,,,
Sinkiang,Arai,,,,,,,,,,,,,,,,,,,,,,,,,,,,,,,,,,,,,,,,,,,,,,,,,,,,,,,,,,,,,,,,,,,,,,,,,,,,,,,,,,,,,,,,260.56,568.1,784.42,1592.03,775.58,897.75,908.98,,,,,,,
Sinkiang,Altay,,,,,,,,,,,,,,,,,,,,,,,,,,,,,,,,,,,,,,,,,,,,,,,,,,,,,,,,,,,,,,,,,,,,,,,,,,,,,,,,,,,,,,,,899.47,716.97,375.63,810.23,383.01,311.66,284.12,,,,,,,
Sinkiang,Bayingolin,,,,,,,,,,,,,,,,,,,,,,,,,,,,,,,,,,,,,,,,,,,,,,,,,,,,,,,,,,,,,,,,,,,,,,,,,,,,,,,,,,,,,,,,590.89,,721.16,1048.32,751.61,701.83,733.27,,,,,,,
Sinkiang,Beitun,,,,,,,,,,,,,,,,,,,,,,,,,,,,,,,,,,,,,,,,,,,,,,,,,,,,,,,,,,,,,,,,,,,,,,,,,,,,,,,,,,,,,,,,1015.59,882.44,513.73,962.28,505.85,492.71,461.4,,,,,,,
Sinkiang,Bortala,,,,,,,,,,,,,,,,,,,,,,,,,,,,,,,,,,,,,,,,,,,,,,,,,,,,,,,,,,,,,,,,,,,,,,,,,,,,,,,,,,,,,,,,440.49,574.52,394.74,1355.2,354.84,551.14,537.46,,,,,,,
Sinkiang,Changji,,,,,,,,,,,,,,,,,,,,,,,,,,,,,,,,,,,,,,,,,,,,,,,,,,,,,,,,,,,,,,,,,,,,,,,,,,,,,,,,,,,,,,,,843.86,564.27,,586.57,416.81,225.07,233.57,,,,,,,
Sinkiang,Hami,,,,,,,,,,,,,,,,,,,,,,,,,,,,,,,,,,,,,,,,,,,,,,,,,,,,,,,,,,,,,,,,,,,,,,,,,,,,,,,,,,,,,,,,1176.46,839.06,816.11,,857.65,661.78,680.77,,,,,,,
Sinkiang,Hotan,,,,,,,,,,,,,,,,,,,,,,,,,,,,,,,,,,,,,,,,,,,,,,,,,,,,,,,,,,,,,,,,,,,,,,,,,,,,,,,,,,,,,,,,716.73,893.85,1214.46,1844.54,1217.31,1292.26,1312.06,,,,,,,
Sinkiang,Huyanghe,,,,,,,,,,,,,,,,,,,,,,,,,,,,,,,,,,,,,,,,,,,,,,,,,,,,,,,,,,,,,,,,,,,,,,,,,,,,,,,,,,,,,,,,510.04,499.96,202.17,1148.8,158.3,350.58,332.03,,,,,,,
Sinkiang,Kashgar,,,,,,,,,,,,,,,,,,,,,,,,,,,,,,,,,,,,,,,,,,,,,,,,,,,,,,,,,,,,,,,,,,,,,,,,,,,,,,,,,,,,,,,,838.99,1128.41,1360.99,2143.27,1349.63,1476.31,1487.55,,,,,,,
Sinkiang,Kokdala,,,,,,,,,,,,,,,,,,,,,,,,,,,,,,,,,,,,,,,,,,,,,,,,,,,,,,,,,,,,,,,,,,,,,,,,,,,,,,,,,,,,,,,,430.09,702.67,642.54,1599.32,607.94,798.35,790.08,,,,,,,
Sinkiang,Karamay,,,,,,,,,,,,,,,,,,,,,,,,,,,,,,,,,,,,,,,,,,,,,,,,,,,,,,,,,,,,,,,,,,,,,,,,,,,,,,,,,,,,,,,,633.55,598.52,247.43,1124.96,208.69,361.08,333.86,,,,,,,
Sinkiang,KizilsuKirgiz,,,,,,,,,,,,,,,,,,,,,,,,,,,,,,,,,,,,,,,,,,,,,,,,,,,,,,,,,,,,,,,,,,,,,,,,,,,,,,,,,,,,,,,,806.99,1138.28,1295.84,2160.93,1275.83,1430.21,1435.16,,,,,,,
Sinkiang,Kunyu,,,,,,,,,,,,,,,,,,,,,,,,,,,,,,,,,,,,,,,,,,,,,,,,,,,,,,,,,,,,,,,,,,,,,,,,,,,,,,,,,,,,,,,,782.55,1041.96,1306.85,2042.49,1300.18,1410.7,1424.94,,,,,,,
Sinkiang,Shihezi,,,,,,,,,,,,,,,,,,,,,,,,,,,,,,,,,,,,,,,,,,,,,,,,,,,,,,,,,,,,,,,,,,,,,,,,,,,,,,,,,,,,,,,,509.43,391.6,40.32,1000.3,,195.98,184.35,,,,,,,
Sinkiang,Tacheng,,,,,,,,,,,,,,,,,,,,,,,,,,,,,,,,,,,,,,,,,,,,,,,,,,,,,,,,,,,,,,,,,,,,,,,,,,,,,,,,,,,,,,,,582.57,647.69,368.97,1297.07,324.97,511.12,489,,,,,,,
Sinkiang,Tiemenguan,,,,,,,,,,,,,,,,,,,,,,,,,,,,,,,,,,,,,,,,,,,,,,,,,,,,,,,,,,,,,,,,,,,,,,,,,,,,,,,,,,,,,,,,277.39,67.57,378.54,1085.57,395.3,433.94,455.19,,,,,,,
Sinkiang,Tumshuk,,,,,,,,,,,,,,,,,,,,,,,,,,,,,,,,,,,,,,,,,,,,,,,,,,,,,,,,,,,,,,,,,,,,,,,,,,,,,,,,,,,,,,,,517.47,829.12,1034.62,1852.68,1021.76,1155.04,1164.56,,,,,,,
Sinkiang,Turpan,,,,,,,,,,,,,,,,,,,,,,,,,,,,,,,,,,,,,,,,,,,,,,,,,,,,,,,,,,,,,,,,,,,,,,,,,,,,,,,,,,,,,,,,756.21,417.34,476.16,607.94,520.09,354.01,385.31,,,,,,,
Sinkiang,Urumqi,,,,,,,,,,,,,,,,,,,,,,,,,,,,,,,,,,,,,,,,,,,,,,,,,,,,,,,,,,,,,,,,,,,,,,,,,,,,,,,,,,,,,,,,602.11,350.01,173.72,801.84,217.47,,98.45,,,,,,,
Sinkiang,Wujiaqu,,,,,,,,,,,,,,,,,,,,,,,,,,,,,,,,,,,,,,,,,,,,,,,,,,,,,,,,,,,,,,,,,,,,,,,,,,,,,,,,,,,,,,,,636.8,427.74,133.04,833.05,168.18,40.86,,,,,,,,
Sinkiang,IliKazakh,,,,,,,,,,,,,,,,,,,,,,,,,,,,,,,,,,,,,,,,,,,,,,,,,,,,,,,,,,,,,,,,,,,,,,,,,,,,,,,,,,,,,,,,279.77,524.72,493.82,1437.56,464.9,645.08,641.19,,,,,,,
Yunnan,Baoshan,,,,,,,,,,,,,,,,,,,,,,,,,,,,,,,,,,,,,,,,,,,,,,,,,,,,,,,,,,,,,,,,,,,,,,,,,,,,,,,,,,,,,,,,,,,,,,,500.1,477.49,565.29,758.52,,,
Yunnan,Chuxiong,,,,,,,,,,,,,,,,,,,,,,,,,,,,,,,,,,,,,,,,,,,,,,,,,,,,,,,,,,,,,,,,,,,,,,,,,,,,,,,,,,,,,,,,,,,,,,,272.72,184.98,282.15,518.61,,,
Yunnan,Dali,,,,,,,,,,,,,,,,,,,,,,,,,,,,,,,,,,,,,,,,,,,,,,,,,,,,,,,,,,,,,,,,,,,,,,,,,,,,,,,,,,,,,,,,,,,,,,,433.2,353.64,458.22,607.91,,,
Yunnan,Dehong,,,,,,,,,,,,,,,,,,,,,,,,,,,,,,,,,,,,,,,,,,,,,,,,,,,,,,,,,,,,,,,,,,,,,,,,,,,,,,,,,,,,,,,,,,,,,,,584.06,584.05,665.22,868.44,,,
Yunnan,Honghe,,,,,,,,,,,,,,,,,,,,,,,,,,,,,,,,,,,,,,,,,,,,,,,,,,,,,,,,,,,,,,,,,,,,,,,,,,,,,,,,,,,,,,,,,,,,,,,,261.08,209.67,662.34,,,
Yunnan,Kunming,,,,,,,,,,,,,,,,,,,,,,,,,,,,,,,,,,,,,,,,,,,,,,,,,,,,,,,,,,,,,,,,,,,,,,,,,,,,,,,,,,,,,,,,,,,,,,,206.58,,144.68,441.07,,,
Yunnan,Lijiang,,,,,,,,,,,,,,,,,,,,,,,,,,,,,,,,,,,,,,,,,,,,,,,,,,,,,,,,,,,,,,,,,,,,,,,,,,,,,,,,,,,,,,,,,,,,,,,498.31,344.29,467.56,482.61,,,
Yunnan,Lincang,,,,,,,,,,,,,,,,,,,,,,,,,,,,,,,,,,,,,,,,,,,,,,,,,,,,,,,,,,,,,,,,,,,,,,,,,,,,,,,,,,,,,,,,,,,,,,,404.1,454.34,510.26,802.98,,,
Yunnan,Nujiang,,,,,,,,,,,,,,,,,,,,,,,,,,,,,,,,,,,,,,,,,,,,,,,,,,,,,,,,,,,,,,,,,,,,,,,,,,,,,,,,,,,,,,,,,,,,,,,604.32,496.68,612.34,656.05,,,
Yunnan,Puer,,,,,,,,,,,,,,,,,,,,,,,,,,,,,,,,,,,,,,,,,,,,,,,,,,,,,,,,,,,,,,,,,,,,,,,,,,,,,,,,,,,,,,,,,,,,,,,289.92,402.21,424.86,790.44,,,
Yunnan,Qujing,,,,,,,,,,,,,,,,,,,,,,,,,,,,,,,,,,,,,,,,,,,,,,,,,,,,,,,,,,,,,,,,,,,,,,,,,,,,,,,,,,,,,,,,,,,,,,,252.99,82.65,,371.17,,,
Yunnan,Wenshan,,,,,,,,,,,,,,,,,,,,,,,,,,,,,,,,,,,,,,,,,,,,,,,,,,,,,,,,,,,,,,,,,,,,,,,,,,,,,,,,,,,,,,,,,,,,,,,162.61,284.16,163.65,614.73,,,
Yunnan,Yuxi,,,,,,,,,,,,,,,,,,,,,,,,,,,,,,,,,,,,,,,,,,,,,,,,,,,,,,,,,,,,,,,,,,,,,,,,,,,,,,,,,,,,,,,,,,,,,,,127.19,208.2,225.21,610.94,,,
Yunnan,Zhaotong,,,,,,,,,,,,,,,,,,,,,,,,,,,,,,,,,,,,,,,,,,,,,,,,,,,,,,,,,,,,,,,,,,,,,,,,,,,,,,,,,,,,,,,,,,,,,,,491.49,274.19,343.64,,,,
Zhejiang,Hangzhou,,,,,,,,,,,,,,,,,,,,,,,,,,,,,,,,,,,,,,,,,,,,,,,,,,,,,,,,,,,,,,,,,,,,,,,,,,,,,,,,,,,,,,,,,,,,,,,,,,,241.49,280.28,
Zhejiang,Huzhou,,,,,,,,,,,,,,,,,,,,,,,,,,,,,,,,,,,,,,,,,,,,,,,,,,,,,,,,,,,,,,,,,,,,,,,,,,,,,,,,,,,,,,,,,,,,,,,,,,,215.27,246.35,
Zhejiang,Jiaxing,,,,,,,,,,,,,,,,,,,,,,,,,,,,,,,,,,,,,,,,,,,,,,,,,,,,,,,,,,,,,,,,,,,,,,,,,,,,,,,,,,,,,,,,,,,,,,,,,,,119.55,146.08,
Zhejiang,Jinhua,,,,,,,,,,,,,,,,,,,,,,,,,,,,,,,,,,,,,,,,,,,,,,,,,,,,,,,,,,,,,,,,,,,,,,,,,,,,,,,,,,,,,,,,,,,,,,,,,,,222.23,260.52,
Zhejiang,Lishui,,,,,,,,,,,,,,,,,,,,,,,,,,,,,,,,,,,,,,,,,,,,,,,,,,,,,,,,,,,,,,,,,,,,,,,,,,,,,,,,,,,,,,,,,,,,,,,,,,,334.23,369.61,
Zhejiang,Ningbo,,,,,,,,,,,,,,,,,,,,,,,,,,,,,,,,,,,,,,,,,,,,,,,,,,,,,,,,,,,,,,,,,,,,,,,,,,,,,,,,,,,,,,,,,,,,,,,,,,,,76.49,
Zhejiang,Quzhou,,,,,,,,,,,,,,,,,,,,,,,,,,,,,,,,,,,,,,,,,,,,,,,,,,,,,,,,,,,,,,,,,,,,,,,,,,,,,,,,,,,,,,,,,,,,,,,,,,,358.99,398.31,
Zhejiang,Shaoxing,,,,,,,,,,,,,,,,,,,,,,,,,,,,,,,,,,,,,,,,,,,,,,,,,,,,,,,,,,,,,,,,,,,,,,,,,,,,,,,,,,,,,,,,,,,,,,,,,,,118.11,157.61,
Zhejiang,Taizhou,,,,,,,,,,,,,,,,,,,,,,,,,,,,,,,,,,,,,,,,,,,,,,,,,,,,,,,,,,,,,,,,,,,,,,,,,,,,,,,,,,,,,,,,,,,,,,,,,,,174.9,200.47,
Zhejiang,Wenzhou,,,,,,,,,,,,,,,,,,,,,,,,,,,,,,,,,,,,,,,,,,,,,,,,,,,,,,,,,,,,,,,,,,,,,,,,,,,,,,,,,,,,,,,,,,,,,,,,,,,258.17,283.38,
Zhejiang,Zhoushan,,,,,,,,,,,,,,,,,,,,,,,,,,,,,,,,,,,,,,,,,,,,,,,,,,,,,,,,,,,,,,,,,,,,,,,,,,,,,,,,,,,,,,,,,,,,,,,,,,,57.03,,
Chongqing,Chongqing,,,,,,,,,,,,,,,,,,,,,,,,,,,,,,,,,,,,,,,,,,,,,,,,,,,,,,,,,,,,,,,,,,,,,,,,,,,,,,,,,,,,,,,,,,,,,,,,,,,,,
